{
  "$schema": "https://go.kicad.org/pcm/schemas/v1",
  "name": "kicad-action-scripts",
  "description": "ViaStitching and more tools ",
  "description_full": "Via stitching action tool and circular zone builder action tool. Use the action menu/toolbar feature.",
  "identifier": "com.github.jsreynaud.kicad-action-scripts",
  "type": "plugin",
  "author": {
    "name": "jsreynaud",
    "contact": {
      "email": "js.reynaud@gmail.com"
    }
  },
  "license": "GPL-2.0",
  "resources": {
    "Github": "https://github.com/jsreynaud/kicad-action-scripts",
    "Readme": "https://github.com/jsreynaud/kicad-action-scripts/blob/master/README.md"
  },
  "tags": [
    "annular",
    "pcbnew",
    "dxf",
    "grid",
    "mcad"
  ],
  "versions": [
        {
            "version": "9.0.7",
            "status": "stable",
            "kicad_version": "9.0",
            "kicad_version_max": "9.0",
            "download_url": "https://github.com/jsreynaud/kicad-action-scripts/releases/download/v9.0-0.7.0/kicad-action-scripts_v9.0-0.7.0.zip",
            "platforms": [
                "linux",
                "macos",
                "windows"
            ]
        }
  ]
}
