{
    "$schema": "https://go.kicad.org/pcm/schemas/v1",
    "name": "pcb-action-tools",
    "description": "A suite of kicad pcbnew action plugin tools",
    "description_full": "Annular Ring Checker, Snap Selected Footprint(s) to Grid, Fabrication Footprint Position, Move Selected Drawings to chosen Layer, Checking 3D missing models",
    "identifier": "com.github.easyw.kicad-action-tools",
    "type": "plugin",
    "author": {
        "name": "easyw",
        "contact": {
            "email": "easyw@katamail.com"
        }
    },
    "license": "GPL-2.0",
    "resources": {
        "Github": "https://github.com/easyw/kicad-action-tools",
        "Readme": "https://github.com/easyw/kicad-action-tools/blob/master/README.md"
    },
    "tags": [
        "annular",
        "pcbnew",
        "grid",
        "mcad"
    ],
    "versions": [
        {
            "version": "1.0.7",
            "status": "stable",
            "kicad_version": "8.0",
            "download_url": "https://github.com/easyw/kicad-action-tools/releases/download/v1.0.7/pcb-action-tools_v1.0.7_pcm.zip",
            "platforms": [
                "linux",
                "macos",
                "windows"
            ]
        }
    ]
}